{
  "length1":[36.184,246.13414400000005],
  "length2":[35.508,226.81393599999987],
  "time1":[1436.506,786817.0459640007],
  "time2":[1871.61,1060920.3099]
}
