{
  "length1":[33.87,154.3891000000001],
  "length2":[36.69,327.16189999999995],
  "time1":[3483.288,2046737.5130560014],
  "time2":[2121.814,1705339.8914039985]
}
